Заявка;Тип заявки BK;Тип заявки HD;Начало;Окончание;Район;Адрес;Подключение;Гигабитное подключение;Широта;Долгота
74198;Подключение;Конвергенция абонента;17.08.2026 20:00;17.08.2026 22:00;Кузьминки;Город Москва, пр-кт.Волгоградский, д. 128 к 5;FMC;Нет;55.700846;37.7822191
86160;Подключение;Конвергенция абонента;17.08.2026 18:00;17.08.2026 20:00;Таганский;Город Москва, пер.Маяковского, д. 2;FMC;Нет;55.7397743;37.6599082
50104;Подключение;Заявка на подключение;17.08.2026 18:00;17.08.2026 20:00;Текстильщики;Город Москва, ул.Грайвороновская, д. 10 к 2;;Да;55.7183547;37.7319259
46393;Подключение;Конвергенция абонента;17.08.2026 20:00;17.08.2026 22:00;Рязанский;Город Москва, ул.Михайлова, д. 14;FMC;Нет;55.7270299;37.7659603
10135;Подключение;Конвергенция абонента;17.08.2026 18:00;17.08.2026 20:00;Рязанский;Город Москва, ул.3-я Институтская, д. 5 к 2;FMC;Нет;55.7219922;37.7821899
18754;Подключение;Конвергенция абонента;17.08.2026 18:00;17.08.2026 20:00;Рязанский;Город Москва, ул.1-я Новокузьминская, д. 16 к 1;FMC;Нет;55.714359;37.7897959
84627;Подключение;Конвергенция абонента;17.08.2026 20:00;17.08.2026 22:00;Кузьминки;Город Москва, ул.Окская, д. 32;FMC;Нет;55.7144711;37.7695221
61540;Подключение;Конвергенция абонента;17.08.2026 16:00;17.08.2026 18:00;Кузьминки;Город Москва, ул.Юных Ленинцев, д. 84;FMC;Нет;55.6981178;37.7786035
Адрес офиса;г. Москва, ул Юных Ленинцев, д 83с 4;;;;;;;;;
